Property Address,Property Name,Building Class,Building Status,RBA,Total Available Space (SF),Rent/SF/Yr,Secondary Type,City,Percent Leased,Year Built,Year Renovated,Typical Floor Size,Parking Ratio,Ceiling Ht,Column Spacing,Number Of Loading Docks,Power,Rail Lines,Sewer,Building Operating Expenses,Capacity - Available kW,Direct Available Space,Direct Vacant Space,Drive Ins,Sprinklers,Water,Number Of Parking Spaces,Latitude,Longitude
25 Colony Rd,Jersey City Distribution Center,A,Existing,340857,340857,$13.72 - 16.77 (Est.),Warehouse,Jersey City,0.00,2004,,340857,0.38,"36'0""",48'w x 58'd,48,4000a/270-480v 3p,,City,2024 Tax @ $2.1479/sf,,340857,340857,"4/12'0""w x 14'0""h",ESFR,City,128,40.6818400,-74.0839073
500 Supor Blvd,,B,Existing,437221,69137,$13.35 - 16.31 (Est.),Warehouse,Harrison,100.00,1997,2002,437221,0.13,"18'0""",,,2000a,,City,2024 Tax @ $1.1181/sf,,69137,0,4,Wet,City,59,40.7460447,-74.1465917
90 Dayton Ave,Building 3,B,Existing,230000,15857,$7.00 - 11.00,Warehouse,Passaic,93.11,1889,,100000,0.06,"16'0""",,1,,,,,,15857,37557,1,,,20,40.8722249,-74.1177952
400 Commerce Blvd,,B,Existing,246108,56040,$13.52 - 16.52 (Est.),Warehouse,Carlstadt,77.23,1985,,118808,1.00,"22'0""",48'w x 48'd,12,3000a,,City,,,56040,56040,1,Wet,City,247,40.8295007,-74.0509050
301 Island Rd,,B,Existing,212840,91092,$15.00,Warehouse,Mahwah,64.25,1964,2013,212840,1.61,"22'0""",30'w x 35'd,35,2400a/277-480v,Norfolk Southern,,2024 Tax @ $0.9697/sf,,76092,76092,1,Wet,,342,41.0815094,-74.1474828
33-00 47th Ave,Redstone Rocket Building,C,Existing,380000,71556,$16.00 - 18.00,Warehouse,Long Island City,81.17,1964,,109620,0.13,"12'0""",18'w x 18'd,2,Heavy,,,2024 Tax @ $2.6899/sf,,71556,71556,"13/8'0""w x 10'0""h",Wet,,50,40.7421250,-73.9323212
7001 Anpesil Dr,,B,Existing,210000,117291,$30.48,Warehouse,North Bergen,92.86,1976,,210000,0.25,"21'10""",40'w x 36'd,20,1200a 3p 3w,,City,2024 Tax @ $2.1188/sf,,117291,15000,2,Wet,City,52,40.8016450,-74.0238798
59-00 Decatur St,,C,Existing,200000,32080,$23.00 - 31.68,Warehouse,Ridgewood,86.46,1922,,43280,,"12'0""",,9,Heavy,,,2024 Tax @ $2.7904/sf,,27080,27080,None,Wet,,,40.6991146,-73.8965238
95 Mayhill St,Saddle Brook Industrial Centre,B,Existing,430000,104000,$14.50 - 15.50,Distribution,Saddle Brook,75.81,1970,,430000,0.05,"30'0""",34'w x 40'd,6,400a/480v,,City,2024 Tax @ $2.4474/sf,,104000,104000,"1/10'0""w x 13'0""h",Wet,City,20,40.8992060,-74.0898755
90 E 5th St,,C,Existing,244000,10000,$20.00,Warehouse,Bayonne,100.00,1901,,244000,,"65'0""",,11,,,City,2024 Tax @ $2.3243/sf,,10000,0,"1/10'0""w x 13'0""h",Wet,City,,40.6513182,-74.1219058
35-95 8th St,,C,Existing,360000,68347,$7.50 - 13.00,Warehouse,Passaic,90.92,1925,,120000,0.00,"16'0""",,4,Heavy,,,2024 Tax @ $0.2335/sf,,68347,32684,"3/10'0""w x 13'0""h",,,,40.8571740,-74.1112850
3199 Albany Post Rd,,B,Existing,242000,23806,$7.56 - 41.88,Warehouse,Buchanan,83.55,1970,,60500,0.78,"30'0""",,25,16000a 3p,,City,,,23806,39806,"8/8'0""w x 16'0""h",Dry,City,189,41.2649280,-73.9353076
430 Communipaw Ave,Tenmarc,C,Existing,225000,30900,$21.95 - 23.76,Warehouse,Jersey City,93.38,1910,1996,55875,0.22,"24'0""",18'w x 18'd,5,100-1000a,,City,2024 Tax @ $1.6186/sf,,30900,14900,"2/70'0""w x 15'0""h",Wet,City,50,40.7143118,-74.0652016
621-625 Corporate Way,Lincoln Logistics @ Rockland,B,Existing,220000,88795,$18.47,Distribution,Valley Cottage,0.00,2024,,220000,0.87,"36'0""",50'w x 54'd,34,2000a/480v 3p,,,,,66422,197627,2,ESFR,,244,41.1275694,-73.9433343
85 Fifth Ave,,B,Existing,227400,17000,$5.00 - 12.00,Warehouse,Paterson,97.80,1903,,113700,0.22,"18'0""",,12,200a,,City,2024 Tax @ $0.5497/sf,,12000,5000,"20/10'0""w x 13'0""h",Wet,City,50,40.9360075,-74.1585735
10110 Foster Ave,EMS Station 59,C,Existing,346686,79791,$27.00,Warehouse,Brooklyn,100.00,1972,,173343,,"30'0""",,14,,,,2024 Tax @ $2.7367/sf,,79791,0,1,Yes,,,40.6491711,-73.9022473
55 Haul Rd,PRC Campus,C,Existing,207000,115000,$13.95,Warehouse,Wayne,100.00,1967,,207000,0.48,"18'0""",40'w x 25'd,14,4000a,,City,,,115000,0,1,Wet,City,120,40.9331251,-74.2785686
55 Hook Rd,,B,Existing,271545,60000,$14.00,Warehouse,Bayonne,77.90,1960,,271545,0.28,"36'0""",42'w x 44'd,39,1600a,,City,2024 Tax @ $3.2846/sf,,60000,60000,None,Dry,City,100,40.6600622,-74.0990391
450 Murray Hill Pky,,C,Existing,376863,41832,$11.98 - 14.75,Warehouse,East Rutherford,96.01,1972,,188432,0.27,"15'0""",29'w x 40'd,5,200a/480v,,City,2024 Tax @ $1.4710/sf,,41832,15030,"2/12'0""w x 12'0""h",Wet,City,100,40.8175880,-74.0917204
240-260 W Nyack Rd,,A,Existing,246340,40006,$7.50 - 22.00,Warehouse,West Nyack,91.50,1972,1999,120848,0.02,"20'0""",,19,,,,,,20949,20949,5,Wet,,4,41.0980610,-73.9935238
100 Pulaski St,,B,Existing,288012,288012,$13.95,Warehouse,Bayonne,0.00,1971,,288012,0.43,"20'0""",30'w x 40'd,40,600a 3p,,,2024 Tax @ $2.4381/sf,,288012,288012,4,Wet,,127,40.6767529,-74.0906642
63-15 Traffic Ave,,B,Existing,215000,49000,$24.00 - 29.00,Warehouse,Ridgewood,77.21,1965,,160000,,"19'0""",50'w x 50'd,11,6000a,,Yes,2024 Tax @ $3.1078/sf,,49000,49000,2,Wet,Yes,,40.7113957,-73.8983794
700-800 1st St,,C,Existing,250000,92158,$10.85 - 13.27 (Est.),Warehouse,Harrison,63.14,1975,,250000,0.00,"24'0""",40'w x 16'd,58,200a,,City,,,92158,92158,"5/16'0""w x 14'0""h",Yes,City,,40.7393038,-74.1609560
122 8th St,Passaic Logistics Center,A,Existing,295506,295506,$12.19 - 14.89 (Est.),Distribution,Passaic,0.00,2024,,295506,0.57,"40'0""",50'w x 56'd,40,3000a/480v,,,,,295506,295506,2,ESFR,,222,40.8599509,-74.1091315
501 10th Ave,,C,Existing,250002,250002,$13.44 - 16.43 (Est.),Distribution,New York,0.00,1910,2015,35715,,,,9,4000a/208v 3p 4w,,,2024 Tax @ $8.1997/sf,,250002,250002,,Yes,,,40.7576446,-73.9974827
683 Court St,Red Hook Logistics Center,A,Existing,385510,258966,$17.85 - 21.82 (Est.),Warehouse,Brooklyn,32.83,2024,,96378,0.00,"28'0""",38'w x 50'd,19,2000a,,,2024 Tax @ $0.6573/sf,,258966,258966,8,ESFR,,,40.6685400,-74.0030817
125 S Greenbush Rd,Worldwide Industrial Park,B,Existing,341000,52000,$12.11 - 14.80 (Est.),Warehouse,Orangeburg,84.75,1964,1997,341000,0.87,"20'0""",30'w x 45'd,4,3000a/110-480v 3p,,City,,,52000,52000,4,Wet,City,260,41.0513583,-73.9433935
236-276 Greenpoint Ave,Greenpoint Industrial Center,C,Existing,395000,44800,$16.24 - 19.85 (Est.),Warehouse,Brooklyn,91.95,1931,1995,48333,,"15'0""",,5,Heavy,,,,,44800,31800,1,Wet,,,40.7303930,-73.9490340
50 Hartz Way,,C,Existing,265457,235295,$13.77 - 16.83 (Est.),Warehouse,Secaucus,100.00,1972,,117648,0.58,"27'0""",45'w x 40'd,15,1600a/277-480v 3p,,,2024 Tax @ $2.0042/sf,,235295,0,"2/12'0""w x 16'0""h",,,136,40.7825875,-74.0726798
145 Industrial Dr,Liberty Commerce Center,A,Existing,426275,426275,$13.59 - 16.61 (Est.),Warehouse,Jersey City,0.00,2025,,426275,0.52,"42'0""",,67,4000a/277-480v 3p,,,,,426275,426275,6,ESFR,,326,40.6827867,-74.0910762
45 Linden Ave E,,B,Existing,262865,191401,$10.74 - 13.13 (Est.),Warehouse,Jersey City,27.19,1978,,262865,0.38,"20'0""",40'w x 30'd,17,1600a/277-480v 3p,,City,2024 Tax @ $1.0592/sf,,191401,191401,2,Wet,City,100,40.6900236,-74.0841470
1 Lisbon St,,B,Existing,235215,,$12.18 - 14.88 (Est.),Distribution,Clifton,0.00,1955,2016,235215,0.67,"26'0""",,20,5000a 3p 4w,,City,2024 Tax @ $1.8034/sf,,,235215,4,Wet,City,158,40.8623112,-74.1504586
1000 MacArthur Blvd,,A,Existing,208345,161281,$13.23 - 16.17 (Est.),Distribution,Mahwah,77.24,2023,,208345,1.19,"38'0""",52'w x 60'd,34,1200a,,,2024 Tax @ $1.4432/sf,,47429,47429,2,ESFR,,264,41.0769439,-74.1659700
1200 Madison Ave,,B,Existing,246714,106521,$12.17 - 14.88 (Est.),Warehouse,Paterson,56.82,1968,,245529,2.52,"30'0""",44'w x 39'd,17,1200-2000a/277-480v 3p,Norfolk Southern,City,2024 Tax @ $3.1745/sf,,106521,106521,"5/14'0""w x 14'0""h",Wet,City,400,40.9010392,-74.1609299
550 Meadowlands Pky,,B,Existing,304920,89970,$13.80 - 16.87 (Est.),Warehouse,Secaucus,70.49,1986,,152460,0.09,"26'0""",41'w x 44'd,13,200a,,City,2024 Tax @ $0.8998/sf,,89970,89970,None,Wet,City,28,40.7755501,-74.0848097
77-79 Metro Way,,C,Existing,422819,94761,$13.31 - 16.26 (Est.),Warehouse,Secaucus,77.59,1978,,422819,0.30,"27'0""",38'w x 47'd,35,1200-4000a/277-480v,,City,2024 Tax @ $1.6999/sf,,94761,94761,"2/10'0""w x 9'0""h",Wet,City,155,40.7706707,-74.0721361
1 Nassau Pl,One Nassau Place,A,Existing,331700,331700,$16.07 - 19.64 (Est.),Warehouse,Staten Island,0.00,2026,,331700,0.53,"36'0""",56'w x 50'd,60,,,,,,331700,331700,2,ESFR,,175,40.5187910,-74.2356521
1200 Oak Point Ave,Harlem Commonwealth Industrial Park,C,Existing,262500,10000,$15.42 - 18.84 (Est.),Warehouse,Bronx,96.19,1942,,134983,0.57,"40'0""",,6,400a,,,2024 Tax @ $0.6000/sf,,10000,10000,2,Dry,,150,40.8066322,-73.8946129
150 Pacific Ave,,B,Existing,350295,153995,$8.85 - 10.82 (Est.),Warehouse,Jersey City,56.04,1930,,350295,0.10,"28'0""",50'w x 35'd,13,2000a,,City,,,153995,153995,5,Dry,City,35,40.7078645,-74.0660827
1-5 Plant Rd,,C,Existing,221053,85204,$13.83 - 16.90 (Est.),Warehouse,Hasbrouck Heights,61.46,1961,,202000,0.12,"22'0""",30'w x 30'd,8,Heavy,,,2024 Tax @ $0.9342/sf,,85204,85204,"5/17'0""w x 14'0""h",Wet,,25,40.8518850,-74.0718299
101 Port Lincoln Rd,Building 100,A,Existing,332640,332640,$13.66 - 16.69 (Est.),Distribution,Bayonne,0.00,2023,,332640,1.21,"36'0""",54'w x 55'd,66,3000a/277-480v 3p,,,,,332640,332640,2,,,403,40.6724455,-74.0941854
169 Pulaski St,,B,Existing,433204,100000,$13.64 - 16.67 (Est.),Warehouse,Bayonne,100.00,1980,,433204,0.21,"26'0""",,28,1000a,,,2024 Tax @ $1.7821/sf,,100000,0,,Yes,,91,40.6788880,-74.0998082
4 Warehouse Ln,,B,Existing,200719,178847,$15.36 - 18.78 (Est.),Warehouse,Elmsford,68.94,1957,,200719,1.00,"18'0""",40'w x 25'd,36,277v,,,2025 Tax @ $0.0039/sf,,146347,62350,None,Wet,,200,41.0650403,-73.8207591
28-10 Whitestone Expy,Whitestone Logistics Center,A,Existing,313496,245337,$15.86 - 19.39 (Est.),Warehouse,Flushing,21.74,2024,,81779,0.00,"36'0""",58'w x 52'd,13,3000a/120-208v,,,2024 Tax @ $1.4422/sf,,245337,313496,3,ESFR,,,40.7728777,-73.8323864
90 Dayton Ave,Building 11,C,Existing,200000,3129,$15.00,Warehouse,Passaic,100.00,1889,,40000,,"16'0""",,4,,,,2024 Tax @ $0.0185/sf,,3129,0,1,,,,40.8733182,-74.1184805
90 Dayton Ave,Building 9,B,Existing,200000,11550,$8.50,Warehouse,Passaic,94.23,1889,,40000,0.11,"15'0""",,6,200a 3p,,,,,11550,11550,"1/10'0""w x 13'0""h",Wet,,15,40.8739893,-74.1177819
400 Walnut Ave,,B,Existing,240000,60000,$20.00,Warehouse,Bronx,75.00,1956,,240000,0.00,"18'0""",,24,,,,2024 Tax @ $1.9710/sf,,60000,60000,None,,,,40.8052466,-73.9048247
4600 1st Ave,,C,Existing,262500,,$16.73 - 20.45 (Est.),Warehouse,Brooklyn,100.00,1904,,262500,,"24'0""",,,,,,,,,0,1,,,,40.6534379,-74.0178724
1000 1st St,,C,Existing,240000,,$11.62 - 14.20 (Est.),Warehouse,Harrison,100.00,1907,,188000,0.31,"28'0""",,,4000a,,,2024 Tax @ $1.0753/sf,,,0,2,Wet,,,40.7379707,-74.1610399
5801-5809 2nd Ave,,C,Existing,360400,2000,$16.47 - 20.13 (Est.),Warehouse,Brooklyn,99.45,1901,,120133,0.01,"16'0""",,4,,,,2024 Tax @ $1.1555/sf,,2000,2000,None,,,4,40.6437130,-74.0208089
5802 3rd Ave,,C,Existing,360400,18000,$16.43 - 20.08 (Est.),Warehouse,Brooklyn,100.00,1931,,139938,,"20'0""",22'w x 15'd,2,Heavy,,Yes,2024 Tax @ $1.1555/sf,,18000,0,Yes,,Yes,,40.6430956,-74.0200685
250 E 22nd St,Imtt Bayonne,B,Existing,220000,,$9.36 - 11.44 (Est.),Warehouse,Bayonne,100.00,1952,,220000,,,,16,,,City,2024 Tax @ $2.3753/sf,,,0,None,,City,,40.6583186,-74.1021159
215 26th Ave,,B,Existing,200000,,$15.71 - 19.20 (Est.),Warehouse,Astoria,100.00,1960,2022,25000,0.00,"20'2""",,7,4000a 3p,,City,2024 Tax @ $0.8730/sf,,,0,2,Wet,City,,40.7770502,-73.9337308
4750 33rd St,,C,Existing,206000,,$15.63 - 19.10 (Est.),Warehouse,Long Island City,100.00,1964,2011,51500,,"18'0""",,,,,,2024 Tax @ $1.4594/sf,,,0,,,,,40.7416690,-73.9327480
833 40th Ave,,C,Existing,307140,,$15.71 - 19.21 (Est.),Distribution,Long Island City,100.00,1920,,31250,,,,5,Heavy,,,2024 Tax @ $4.2806/sf,,,0,"7/20'0""w x 15'0""h",,,,40.7578931,-73.9450377
19-50 48th St,,C,Existing,200000,,$15.83 - 19.35 (Est.),Warehouse,Astoria,100.00,1965,,100000,4.00,,,,,,,,,,0,None,,,,40.7739980,-73.8959900
56-16 48th St,,C,Existing,475000,,$15.43 - 18.86 (Est.),Distribution,Maspeth,100.00,1966,,475000,,,,86,,,,2024 Tax @ $3.7362/sf,,,0,,,,,40.7278325,-73.9218056
397 E 54th St,,B,Existing,224050,,$13.47 - 16.46 (Est.),Warehouse,Elmwood Park,100.00,1979,,224050,0.79,"26'0""",20'w x 48'd,43,200a/480v,,City,2024 Tax @ $1.2022/sf,,,0,"2/10'0""w x 13'0""h",Yes,City,201,40.9080126,-74.1098503
50-02 55th Ave,,B,Existing,457750,,$14.26 - 17.43 (Est.),Warehouse,Maspeth,100.00,1956,,457750,,"26'0""",,35,,,,2024 Tax @ $0.0279/sf,,,0,"16/9'0""w x 10'0""h",Yes,,,40.7274468,-73.9167899
46-06 57th Ave,,B,Existing,362474,,$15.15 - 18.52 (Est.),Distribution,Maspeth,100.00,2016,,181237,0.57,,,24,,,,2024 Tax @ $7.4819/sf,,,0,,Yes,,208,40.7254405,-73.9241296
2500 71st St,,C,Existing,235000,,$13.54 - 16.55 (Est.),Warehouse,North Bergen,100.00,1968,,235000,0.23,"20'0""",40'w x 30'd,22,1200a,,City,,,,0,,Wet,City,55,40.8051314,-74.0271719
2500 83rd St,,C,Existing,244087,,$13.43 - 16.41 (Est.),Warehouse,North Bergen,100.00,1960,,293594,5.00,"25'0""",,16,200a,,City,,,,0,2,Wet,City,,40.8107209,-74.0233765
7034-7036 83rd St,Atlas Terminals,B,Existing,380000,,$15.13 - 18.49 (Est.),Warehouse,Glendale,100.00,2006,,190000,3.93,"14'0""",,42,Heavy,,Yes,2024 Tax @ $1.8496/sf,,,0,10,,Yes,124,40.7094370,-73.8673141
2101 91st St,,B,Existing,231961,,$13.55 - 16.56 (Est.),Warehouse,North Bergen,100.00,1986,,231961,0.88,"24'0""",40'w x 40'd,41,4000-8000a/277-480v 3p 4w,,City,2024 Tax @ $3.4271/sf,,,0,5,Wet,City,204,40.8160293,-74.0175193
4510-4550 94th St,,C,Existing,238000,,$15.89 - 19.42 (Est.),Warehouse,Elmhurst,100.00,1917,,59500,,"13'0""",,,Heavy,,,2024 Tax @ $1.5069/sf,,,0,,,,,40.7433359,-73.8714894
18454 149th Ave,,B,Existing,305980,,$16.54 - 20.21 (Est.),Warehouse,Springfield Gardens,100.00,1971,,152990,0.33,"24'0""",,24,Heavy,,,2024 Tax @ $0.5605/sf,,,0,"1/14'0""w x 18'0""h",Wet,,100,40.6574426,-73.7626188
977 E 149th St,,B,Existing,213776,,$14.72 - 18.00 (Est.),Distribution,Bronx,100.00,1971,,213776,0.73,,,,,,,,,,0,"9/12'0""w x 20'0""h",,,140,40.8056580,-73.9012618
2701 Route 3 Way,Lincoln Crossing,B,Existing,335827,,$13.67 - 16.71 (Est.),Distribution,Secaucus,100.00,2022,,335827,1.86,"40'0""",40'w,55,3000a/480v,,,,,,0,2,,,405,40.7809452,-74.0496966
131-11 Atlantic Ave,,B,Existing,220000,,$15.44 - 18.87 (Est.),Warehouse,Richmond Hill,100.00,1931,,55000,,"12'0""",,4,,,,2024 Tax @ $1.9196/sf,,,0,None,,,,40.6964590,-73.8179926
1502 Bassett Ave,Amazon Distribution Center,B,Existing,366375,,$13.99 - 17.09 (Est.),Distribution,Bronx,100.00,1951,,366375,,"36'0""",,59,Heavy,,,2024 Tax @ $4.2559/sf,,,0,2,Yes,,,40.8527019,-73.8406425
24-80 Beckwith Ave,Wisconsin Toy,B,Existing,200000,,$11.48 - 14.03 (Est.),Warehouse,Paterson,100.00,1920,,200000,,"16'0""",30'w x 30'd,7,800a,,City,2024 Tax @ $1.3937/sf,,,0,1,Yes,City,,40.9046572,-74.1613600
138 Beckwith Ave,,C,Existing,260000,,$11.51 - 14.07 (Est.),Warehouse,Paterson,100.00,1930,,65000,,"14'0""",,,,,,2024 Tax @ $0.3654/sf,,,0,None,Yes,,,40.9030698,-74.1597826
670 Belleville Tpke,,B,Existing,211418,,$13.85 - 16.93 (Est.),Distribution,Kearny,100.00,2006,,198700,1.16,"36'0""",48'w x 58'd,27,,,City,,,,0,1,ESFR,City,245,40.7672372,-74.1263630
330 Blaisdell Rd,,C,Existing,200000,,$12.71 - 15.54 (Est.),Warehouse,Orangeburg,100.00,1968,,200000,1.00,,28'w x 30'd,3,Heavy,,,,,,0,1,Yes,,200,41.0359570,-73.9788360
30-02 Borden Ave,,C,Existing,250000,,$15.71 - 19.20 (Est.),Warehouse,Long Island City,100.00,1930,,50000,0.08,"15'0""",,6,1200a,,,2024 Tax @ $0.8771/sf,,,0,4,,,20,40.7377337,-73.9389448
155 Broad St,,C,Existing,496584,,$12.66 - 15.47 (Est.),Warehouse,Carlstadt,100.00,1971,,260000,,,,,,,City,,,,0,None,,City,,40.8337315,-74.0808417
301 Broadway,,A,Existing,439015,,$13.56 - 16.57 (Est.),Warehouse,Jersey City,100.00,1945,2014,439015,0.21,"30'0""",30'w x 40'd,43,,,City,2024 Tax @ $2.2399/sf,,,0,4,Wet,City,219,40.7373504,-74.0834936
1055 Bronx River Ave,Building 1,B,Existing,205409,,$15.03 - 18.37 (Est.),Warehouse,Bronx,100.00,1968,,121160,0.43,"21'0""",,9,3000a/120-208v 3p 4w,,,,,,0,3,ESFR,,90,40.8241672,-73.8835355
1601 Bronxdale Ave,,C,Existing,356000,86512,$14.85 - 18.15 (Est.),Warehouse,Bronx,75.70,1949,2020,178000,0.21,"15'0""",25'w x 25'd,28,2000-6000a 3p,,City,2024 Tax @ $3.4659/sf,,86512,86512,"4/10'0""w x 12'0""h",Yes,City,75,40.8430236,-73.8583670
100 Brook Hill Dr,,B,Existing,492795,,$11.96 - 14.62 (Est.),Warehouse,West Nyack,100.00,1966,1994,492795,,"26'0""",30'w x 30'd,15,5800-6300a,,,,,,0,None,Wet,Yes,,41.0930168,-73.9828193
"Brooklyn Navy Yard - Building 128, 28, 123",,C,Existing,215000,,$15.81 - 19.32 (Est.),Warehouse,Brooklyn,100.00,2016,,215000,,,,,,,,,,,0,3,,,107,40.6990726,-73.9747857
Brooklyn Navy Yard - Building 292,,C,Existing,208414,,$16.43 - 20.08 (Est.),Warehouse,Brooklyn,100.00,1935,2000,16500,,"15'0""",,,200a 3p,,,,,,0,None,,,59,40.7051123,-73.9716912
17 Cable Dr,,C,Existing,257481,,$13.67 - 16.71 (Est.),Warehouse,Kearny,100.00,1991,,257481,,"27'0""",40'w x 50'd,4,1200a/277-480v 3p 4w,,City,2024 Tax @ $0.6399/sf,,,0,None,Dry,City,,40.7244414,-74.1174093
205 Campus Dr,,C,Existing,303190,80000,$13.70 - 16.74 (Est.),Warehouse,Kearny,100.00,1940,,303190,0.24,"40'0""",,18,2000a,,,,,80000,0,4,,,75,40.7240074,-74.1064269
1 Canal St,Bldg 1,C,Existing,250000,,$7.21 - 8.82 (Est.),Warehouse,Passaic,100.00,1925,,62500,0.16,"35'0""",,10,200a,,City,2024 Tax @ $0.3570/sf,,,5500,"1/10'0""w x 12'0""h",Dry,City,40,40.8614206,-74.1179634
125 Castle Rd,,C,Existing,311265,,$13.34 - 16.30 (Est.),Warehouse,Secaucus,100.00,1960,,311265,0.90,"22'0""",45'w x 40'd,36,400a/460v,,City,2024 Tax @ $1.4917/sf,,,0,Yes,Wet,City,280,40.7694290,-74.0794680
99A Caven Point Rd,,B,Existing,348000,,$13.68 - 16.72 (Est.),Warehouse,Jersey City,100.00,1994,2001,348000,0.30,"24'0""",42'w x 40'd,45,1200a/277-480v,,City,2024 Tax @ $2.0756/sf,,,0,"1/10'0""w x 12'0""h",Wet,City,150,40.7005786,-74.0720749
200-250 Central Ave,Prologis Meadowlands,B,Existing,212114,51220,$13.47 - 16.46 (Est.),Warehouse,Teterboro,75.85,1965,,212000,0.37,"21'6""",25'w x 40'd,44,2-200a/277-480v,,City,2024 Tax @ $1.0484/sf,,51220,51220,2,Wet,City,79,40.8627944,-74.0511068
1 Century Way,,B,Existing,434000,,$13.28 - 16.23 (Est.),Warehouse,Secaucus,100.00,1959,,434000,0.21,"14'0""",,50,,,City,2024 Tax @ $1.4331/sf,,,0,Yes,,City,125,40.7807233,-74.0660439
2 Colony Rd,,C,Existing,273392,165000,$13.82 - 16.89 (Est.),Warehouse,Jersey City,100.00,1976,,262000,0.00,"24'0""",45'w x 45'd,14,600a,,City,2024 Tax @ $1.7405/sf,,165000,0,8,Wet,City,40,40.6778702,-74.0836033
640 Columbia St,,A,Existing,397020,,$15.50 - 18.95 (Est.),Distribution,Brooklyn,100.00,2022,,132340,0.44,"28'0""",,27,,,,2024 Tax @ $8.4924/sf,,,0,,ESFR,,175,40.6707508,-74.0096856
130-02 S Conduit Ave,Terminal Logistics Center,A,Existing,296210,,$16.39 - 20.03 (Est.),Distribution,Queens,100.00,2023,,74053,0.17,"26'0""",50'w x 50'd,26,,,,,,,0,None,ESFR,,50,40.6658360,-73.8093961
493 County Ave,United Parcel Service,A,Existing,200000,,$13.69 - 16.73 (Est.),Warehouse,Secaucus,100.00,1984,,200000,0.38,,,21,,,City,2024 Tax @ $4.0011/sf,,,0,"4/10'0""w x 12'0""h",,City,75,40.7789800,-74.0599550
4711 Danbury Rd,West Danbury Distribution Park,A,Existing,200000,,$14.61 - 17.85 (Est.),Warehouse,Brewster Village,100.00,2022,,200000,0.00,"36'0""",,,,,,,,,0,None,,,,41.3857069,-73.5678695
125 Delawanna Ave,,B,Existing,361120,,$12.21 - 14.92 (Est.),Warehouse,Clifton,100.00,2002,,361120,0.53,"36'0""",50'w x 51'd,22,3000a,,,2024 Tax @ $2.5479/sf,,,0,,Wet,,190,40.8295763,-74.1292063
670 Dell Rd,Thumann's Inc,B,Existing,250000,,$12.88 - 15.74 (Est.),Warehouse,Carlstadt,100.00,1975,,250000,,"30'0""",30'w x 40'd,6,200a,,City,,,,0,None,Yes,City,,40.8301675,-74.0710868
1 Emerson Ln,Century 21,B,Existing,425000,,$13.55 - 16.56 (Est.),Warehouse,Secaucus,100.00,1977,2015,425000,1.00,"27'0""",43'w x 45'd,20,2000a,,City,2024 Tax @ $1.5810/sf,,,0,1,Wet,City,426,40.7864011,-74.0634511
96 Emerson Pl,,C,Existing,256201,,$16.04 - 19.60 (Est.),Warehouse,Brooklyn,100.00,1957,,128101,,,,,,,,2024 Tax @ $0.2830/sf,,,0,None,,,,40.6947321,-73.9626573
70 Enterprise Ave,Century 21 Distribution Center,C,Existing,384248,348248,$13.40 - 16.37 (Est.),Warehouse,Secaucus,100.00,1970,,384248,0.33,"21'0""",32'w x 35'd,20,,,City,2024 Tax @ $1.6383/sf,,0,0,"2/10'0""w x 10'0""h",,City,125,40.7798070,-74.0699410
10 Enterprise Ave N,,C,Existing,209670,,$13.93 - 17.03 (Est.),Warehouse,Secaucus,100.00,1970,,104835,0.66,"24'0""",38'w x 42'd,16,,,City,2024 Tax @ $2.7951/sf,,,0,None,,City,139,40.7879387,-74.0656633
93 Entin Rd,,C,Existing,269388,,$12.27 - 14.99 (Est.),Warehouse,Clifton,100.00,1953,,269388,0.18,"26'0""",25'w x 40'd,4,200-2004a/460v,,City,,,,0,"2/10'0""w x 13'0""h",Wet,City,199,40.8322401,-74.1257008
815 Fairview Ave,North Building,A,Existing,245173,,$13.44 - 16.42 (Est.),Warehouse,Fairview,100.00,1960,2008,245173,,"20'0""",30'w x 40'd,11,800a/480v,,City,2024 Tax @ $2.2359/sf,,,0,"1/10'0""w x 13'0""h",Wet,City,,40.8225820,-74.0112831
930 Flushing Ave,,C,Existing,315644,,$15.95 - 19.50 (Est.),Warehouse,Brooklyn,100.00,1988,,157822,0.07,,,6,,,,2024 Tax @ $8.9852/sf,,,0,5,,,22,40.7015316,-73.9346702
800 Food Center Dr,The New Fulton Fish Market,B,Existing,400000,,$14.49 - 17.71 (Est.),Warehouse,Bronx,100.00,2003,,400000,0.00,"23'0""",,4,,,,,,,0,2,Yes,,,40.8040950,-73.8768564
10401 Foster Ave,UPS Customer Center,C,Existing,274340,,$15.46 - 18.89 (Est.),Warehouse,Brooklyn,100.00,1970,,250000,,,,,,,,2024 Tax @ $4.1327/sf,,,0,None,,,,40.6523322,-73.9012480
830 Fountain Ave,FedEx,B,Existing,278721,,$15.30 - 18.70 (Est.),Distribution,Brooklyn,100.00,2015,,278721,,"28'0""",,,,,,2024 Tax @ $7.3943/sf,,,0,,,,,40.6593420,-73.8686854
200 Gregg St,,A,Existing,200385,,$13.10 - 16.01 (Est.),Distribution,Lodi,100.00,2021,,200385,0.57,"36'0""",60'w x 52'd,40,660a,,Yes,2024 Tax @ $4.4934/sf,,,0,2,ESFR,Yes,116,40.8853640,-74.0713900
2 N Hackensack Ave,Stanton Building,C,Existing,420000,,$10.94 - 13.37 (Est.),Warehouse,Kearny,100.00,1947,,140000,0.09,"40'0""",25'w x 25'd,18,5000a,,City,,,,0,1,Wet,City,40,40.7299592,-74.1057495
84 Harbor Dr,,B,Existing,400000,,$13.57 - 16.59 (Est.),Warehouse,Jersey City,100.00,1999,,400000,,,,,,CSX,,,,,0,,,,,40.6828145,-74.0917337
100 Harbor Dr,Port Jersey Logistics Center,B,Existing,266000,,$12.67 - 15.49 (Est.),Warehouse,Jersey City,100.00,1972,,266000,0.21,"20'0""",42'w x 44'd,7,400a,,City,2024 Tax @ $1.7927/sf,,,0,None,Wet,City,54,40.6820957,-74.0932042
936 Harrison Ave,Kearny Logistics Center,A,Existing,211340,,$14.26 - 17.43 (Est.),Distribution,Kearny,100.00,2024,,211340,1.19,"38'0""",56'w x 53'd,41,3000a/480v,,,2024 Tax @ $0.9385/sf,,,0,,ESFR,,315,40.7491529,-74.1419812
1200 Harrison Ave,,A,Existing,400206,,$13.53 - 16.53 (Est.),Warehouse,Kearny,100.00,1992,,400206,0.25,"33'0""",25'w x 25'd,66,800a,,City,,,,0,2,Wet,City,,40.7506582,-74.1379211
330 Highland Ave,,C,Existing,200000,,$12.36 - 15.10 (Est.),Warehouse,Clifton,100.00,1910,,66667,,,,,,,,2024 Tax @ $0.0462/sf,,,0,None,,,,40.8691122,-74.1409085
22 Hollywood Ave,,B,Existing,215789,,$13.05 - 15.95 (Est.),Warehouse,Ho-Ho-Kus,100.00,1956,2017,102500,0.09,"18'0""",30'w x 20'd,16,600a,,,2024 Tax @ $1.7066/sf,,,0,"1/13'0""w x 17'0""h",Wet,,60,41.0042942,-74.1173851
51-53 Hook Rd,,B,Existing,284449,,$13.36 - 16.33 (Est.),Distribution,Bayonne,100.00,1968,,284449,0.14,"20'0""",40'w x 34'd,34,800a/120-208v 3p 4w,,City,2024 Tax @ $3.3738/sf,,,0,None,,City,40,40.6594736,-74.0975039
63 Hook Rd,Bridge Point Bayonne,A,Existing,355580,355580,$13.75 - 16.81 (Est.),Warehouse,Bayonne,0.00,2025,,355580,0.60,"40'0""",55'w x 50'd,70,2000a,,,2024 Tax @ $0.6638/sf,,355580,355580,4,,,269,40.6621596,-74.1034011
100 W Hunter Ave,Stepan Company,B,Existing,200000,,$13.31 - 16.27 (Est.),Warehouse,Maywood,100.00,,,200000,,,,,,,City,2024 Tax @ $1.3534/sf,,,0,,,City,,40.8962123,-74.0689285
1 Hunts Pt,,C,Existing,248971,,$15.22 - 18.60 (Est.),Warehouse,Bronx,100.00,2001,,7500,,,,,,,,,,,0,None,,,,40.8089209,-73.8738835
62 Imlay St,,B,Existing,223300,,$15.79 - 19.30 (Est.),Warehouse,Brooklyn,100.00,1913,,40446,,,,,400a,,Yes,2024 Tax @ $7.1595/sf,,,0,None,Yes,Yes,,40.6821760,-74.0088664
200 Industrial Ave,,B,Existing,332640,,$12.70 - 15.52 (Est.),Warehouse,Teterboro,100.00,1998,,332352,0.79,"32'0""",,35,,,City,,,,0,,ESFR,City,263,40.8583910,-74.0638207
120 Industrial Dr,,C,Existing,263717,,$11.65 - 14.24 (Est.),Warehouse,Jersey City,100.00,1976,,263717,0.55,"24'0""",44'w x 44'd,32,800a,,,2024 Tax @ $1.5848/sf,,,0,1,Wet,,75,40.6811209,-74.0867989
JFK - Building 75,JFK Cargo Center 75,B,Existing,210018,,$16.73 - 20.45 (Est.),Warehouse,Jamaica,100.00,1987,,105009,2.25,"18'0""",,38,,,,,,,0,5,,,472,40.6595826,-73.7792594
203 Kuller Rd,,B,Existing,335000,,$12.56 - 15.35 (Est.),Warehouse,Clifton,100.00,1960,1970,335000,0.37,"23'0""",25'w x 40'd,46,1200a/480v,,City,2024 Tax @ $1.9491/sf,,,0,1,Wet,City,,40.8859114,-74.1657341
141 Lanza Ave,Building 20,C,Existing,426820,,$12.51 - 15.29 (Est.),Warehouse,Garfield,100.00,1920,1985,213410,0.01,"12'0""",10'w x 16'd,3,1600a/480v,,City,2024 Tax @ $0.8717/sf,,,0,3,Wet,City,3,40.8885874,-74.1223912
3200 Liberty Ave,,B,Existing,211500,,$14.26 - 17.43 (Est.),Warehouse,North Bergen,100.00,1961,2004,211500,0.48,"22'0""",24'w x 50'd,5,600-1200a/208-460v,,City,2024 Tax @ $1.9304/sf,,,0,"1/12'0""w x 12'0""h",Wet,City,100,40.7764174,-74.0373390
101 E Main St,,C,Existing,206229,3600,$12.90 - 15.77 (Est.),Warehouse,Little Falls,98.25,1920,,66666,0.03,,20'w x 20'd,1,Heavy,,City,2024 Tax @ $1.1742/sf,,3600,3600,"5/10'0""w x 13'0""h",Yes,City,6,40.8782962,-74.2204819
200 Maltese Dr,,B,Existing,202759,,$12.50 - 15.28 (Est.),Warehouse,Totowa,100.00,1968,,202759,0.89,"30'0""",44'w x 30'd,38,2000-3000a/277v 3p 4w,,City,2024 Tax @ $1.6379/sf,,,0,4,Yes,City,181,40.9026149,-74.2465423
13 Manor Rd,,B,Existing,202490,60000,$13.29 - 16.24 (Est.),Warehouse,East Rutherford,100.00,1967,2024,202490,0.41,"20'0""",29'w x 40'd,16,Heavy,,City,2024 Tax @ $1.9835/sf,,0,0,5,Wet,City,83,40.8254049,-74.0900739
326 Marshall St,,C,Existing,210526,,$11.48 - 14.03 (Est.),Warehouse,Paterson,100.00,,,200000,,,,3,,,City,2024 Tax @ $0.3964/sf,,,0,"2/10'0""w x 13'0""h",,City,,40.9027834,-74.1699613
45 Mayhill St,,B,Existing,205000,,$11.14 - 13.62 (Est.),Warehouse,Saddle Brook,100.00,1964,1995,205000,0.64,"18'10""",30'w x 33'd,9,400-2400a/277-480v 3p 4w,,City,2024 Tax @ $1.9726/sf,,,0,,Wet,City,,40.8982780,-74.0944935
46 Meadowlands Pky,,A,Existing,302727,52000,$13.66 - 16.70 (Est.),Warehouse,Secaucus,100.00,2018,,302727,0.99,"36'0""",60'w x 55'd,55,600a/287-727v,,,,,0,0,1,ESFR,,344,40.7902599,-74.0712987
210 Meadowlands Pky,Bldg A,B,Existing,253416,,$13.72 - 16.77 (Est.),Warehouse,Secaucus,100.00,1965,1987,253416,1.06,"20'0""",40'w x 40'd,4,Heavy,,City,2024 Tax @ $2.4485/sf,,,0,1,Wet,City,261,40.7837222,-74.0749685
927 Meeker Ave,,C,Existing,215500,,$15.89 - 19.43 (Est.),Warehouse,Brooklyn,100.00,1951,,215500,0.18,,,,,,City,,,,0,,,City,39,40.7272197,-73.9345860
50-52 Metro Way,,C,Existing,208911,50000,$13.76 - 16.81 (Est.),Warehouse,Secaucus,100.00,1978,,198465,2.50,"24'0""",45'w x 48'd,37,200a,,City,2024 Tax @ $1.1507/sf,,0,0,25,Wet,City,210,40.7694666,-74.0700146
118 Moonachie Ave,,B,Existing,243751,,$12.92 - 15.79 (Est.),Warehouse,Carlstadt,100.00,1980,,243751,1.01,"24'0""",50'w x 60'd,12,2000a/277-480v,,City,,,,0,10,,City,310,40.8329220,-74.0589230
700 Nepperhan Ave,,B,Existing,230000,,$13.90 - 16.99 (Est.),Warehouse,Yonkers,100.00,1951,,115000,0.35,"28'5""",,6,800a 3p,,City,2025 Tax @ $0.1415/sf,,,0,"8/10'0""w x 12'0""h",Wet,City,80,40.9483661,-73.8804216
888 Newark Ave,,C,Existing,452502,,$14.25 - 17.41 (Est.),Warehouse,Jersey City,100.00,1960,,67143,0.33,"25'0""",,28,4180a,,City,2024 Tax @ $1.1876/sf,,,0,"2/12'0""w x 14'0""h",Wet,City,50,40.7369660,-74.0687010
924-930 Newark Ave,Topps Bldg,C,Existing,200000,,$14.78 - 18.06 (Est.),Warehouse,Jersey City,100.00,1930,,31000,0.50,"12'0""",20'w x 21'd,4,200a,,City,2024 Tax @ $1.6191/sf,,,0,"1/10'0""w x 14'0""h",Wet,City,100,40.7372830,-74.0705860
849-909 Newark Tpke,,B,Existing,375000,,$13.51 - 16.51 (Est.),Warehouse,Kearny,100.00,1970,,375000,0.60,"22'6""",40'w x 30'd,33,Heavy,,City,2024 Tax @ $1.6082/sf,,,0,1,Yes,City,224,40.7480672,-74.1067558
275 North St,,C,Existing,230358,,$13.34 - 16.30 (Est.),Warehouse,Teterboro,100.00,1950,1985,230358,1.29,"18'0""",33'w x 33'd,26,2000a/500v,,City,2024 Tax @ $0.8591/sf,,,0,None,Yes,City,299,40.8667280,-74.0534600
333 North St,,B,Existing,221448,,$12.17 - 14.88 (Est.),Warehouse,Teterboro,100.00,1980,,221448,0.50,"22'0""",40'w x 60'd,15,6000a,,City,2024 Tax @ $1.4377/sf,,,0,"11/10'0""w x 13'0""h",Wet,City,110,40.8683826,-74.0573487
100 Oak Point Ave,,B,Existing,224328,,$14.45 - 17.66 (Est.),Distribution,Bronx,100.00,2012,,224328,1.88,"24'0""",,16,,,Yes,,,,0,"2/10'0""w x 12'0""h",Yes,Yes,375,40.8088727,-73.8981562
1 Oxford Dr,,C,Existing,216049,,$13.46 - 16.45 (Est.),Warehouse,Moonachie,100.00,1970,,216049,0.86,"24'0""",33'w x 40'd,27,4000a,,City,2024 Tax @ $1.0612/sf,,,0,2,Wet,City,125,40.8436551,-74.0508997
59-81 Paidge Ave,,C,Existing,248850,,$15.99 - 19.54 (Est.),Warehouse,Brooklyn,100.00,1958,2007,235700,,"24'0""",50'w x 50'd,8,Heavy,,,2024 Tax @ $7.7787/sf,,,0,9,Wet,,,40.7370791,-73.9493216
100 Parish Dr,Passaic Cty Welders,B,Existing,236000,,$12.58 - 15.38 (Est.),Warehouse,Wayne,100.00,1959,,236000,,,,,,,City,2024 Tax @ $0.3648/sf,,,0,"3/18'0""w x 20'0""h",,City,50,40.9136320,-74.2584630
150 Parish Dr,,B,Existing,232244,,$12.59 - 15.39 (Est.),Warehouse,Wayne,100.00,1962,,232244,,"18'0""",40'w x 40'd,16,600a,,City,2024 Tax @ $2.4173/sf,,,0,None,Yes,City,,40.9133657,-74.2565076
925 Paterson Plank Rd,,B,Existing,246228,,$13.68 - 16.72 (Est.),Warehouse,Secaucus,100.00,1970,,246228,1.10,"22'0""",32'w x 32'd,22,1600a/480v,,,,,,0,"3/10'0""w x 12'0""h",Wet,City,270,40.7814530,-74.0449850
123-125 Pennsylvania Ave,Building 1,B,Existing,311496,311496,$15.34 - 18.75 (Est.),Warehouse,Kearny,0.00,1950,,311496,0.43,"19'4""",35'w x 40'd,71,Heavy,,,2024 Tax @ $1.5918/sf,,311496,311496,,,,135,40.7406904,-74.1093986
200 Performance Dr,,B,Existing,347902,,$12.71 - 15.53 (Est.),Warehouse,Mahwah,100.00,1986,,173951,4.00,"22'6""",40'w x 40'd,20,800-2000a/277-480v 3p 4w,,City,2024 Tax @ $0.7233/sf,,,0,"1/10'0""w x 12'0""h",Yes,City,392,41.1090207,-74.1618596
100 Porete Ave,,B,Existing,326500,,$12.99 - 15.87 (Est.),Distribution,North Arlington,100.00,1996,,326500,0.74,"27'0""",44'w x 40'd,20,4000a/277-480v 3p 4w,,City,2024 Tax @ $2.8036/sf,,,0,1,ESFR,City,317,40.7818821,-74.1244631
112 Port Jersey Blvd,,C,Existing,240255,240255,$11.71 - 14.31 (Est.),Warehouse,Jersey City,100.00,1972,,240255,0.19,"20'0""",40'w x 40'd,19,800a,Conrail,City,2024 Tax @ $1.6351/sf,,240255,0,1,Wet,City,75,40.6810577,-74.0944219
201 Port Jersey Blvd,,B,Existing,204564,,$14.47 - 17.69 (Est.),Warehouse,Jersey City,100.00,1974,,204564,0.39,"28'0""",41'w x 40'd,18,1200a,,City,2024 Tax @ $1.8611/sf,,,0,1,Wet,City,130,40.6781618,-74.0891970
202 Port Jersey Blvd,,C,Existing,425121,,$13.09 - 16.00 (Est.),Warehouse,Jersey City,100.00,1974,,425121,0.18,"24'0""",38'w x 51'd,76,1200a,Conrail,City,2024 Tax @ $1.7281/sf,,,0,6,Wet,City,215,40.6791620,-74.0877634
403 Port Jersey Blvd,NE Auto-Marine Terminal,C,Existing,300000,,$14.43 - 17.63 (Est.),Warehouse,Jersey City,100.00,1972,,300000,,,,,,,City,,,,0,,,City,,40.6770783,-74.0876731
150 Pulaski St,,A,Existing,225029,,$14.03 - 17.15 (Est.),Warehouse,Bayonne,100.00,1974,,225029,0.88,"24'0""",30'w x 50'd,45,4000a/277-460v 3p,,City,,,,0,1,Wet,City,200,40.6768991,-74.0966773
180 Pulaski St,,B,Existing,212121,,$12.84 - 15.69 (Est.),Warehouse,Bayonne,100.00,1982,,212121,0.13,"25'0""",44'w x 40'd,22,1200a,,City,,,,0,1,Wet,City,27,40.6763687,-74.0936742
3202 Queens Blvd,The Packard Motor Building,B,Existing,337659,,$15.59 - 19.05 (Est.),Warehouse,Long Island City,60.00,1973,1999,42207,0.17,,,,,,,2024 Tax @ $5.1274/sf,,,135064,,,,58,40.7440810,-73.9331890
65 Railroad Ave,Railroad Ave Industrial,B,Existing,320000,,$13.58 - 16.60 (Est.),Warehouse,Ridgefield,100.00,1967,,160000,0.25,"23'0""",40'w x 32'd,6,200a/480v,,,,,,0,,Wet,,100,40.8283405,-74.0133390
101 Railroad Ave,,C,Existing,338144,,$11.28 - 13.79 (Est.),Distribution,Ridgefield,100.00,1965,,338144,0.41,"22'0""",25'w x 40'd,18,1200a,CSX,City,,,,0,"1/10'0""w x 13'0""h",Wet,City,139,40.8261254,-74.0137138
38-20 Review Ave,,C,Existing,310000,,$15.27 - 18.66 (Est.),Warehouse,Long Island City,0.00,1972,,155000,0.04,"18'0""",30'w x 30'd,8,4500a,,City,2024 Tax @ $2.7268/sf,,,310000,,Wet,City,12,40.7310225,-73.9355315
280 Richards St,,A,Existing,311796,,$15.54 - 18.99 (Est.),Distribution,Brooklyn,100.00,2022,,103932,1.74,"36'0""",,28,,,,2024 Tax @ $1.8287/sf,,,0,None,ESFR,,541,40.6733157,-74.0148120
200 Riser Rd,,B,Existing,289575,,$12.92 - 15.79 (Est.),Warehouse,Little Ferry,100.00,1975,,289575,0.46,"24'0""",40'w x 40'd,32,600a,,City,2024 Tax @ $3.2294/sf,,,0,1,Wet,City,,40.8540929,-74.0522542
994 Riverview Dr,Shoetown Bldg,C,Existing,203000,,$12.25 - 14.98 (Est.),Warehouse,Totowa,100.00,1970,,203000,1.17,"22'5""",36'w x 40'd,14,800a,,City,2024 Tax @ $1.5678/sf,,,0,1,Wet,City,,40.9092018,-74.2424581
108 Route 303,,B,Existing,337029,,$12.51 - 15.29 (Est.),Distribution,Tappan,100.00,1971,,337029,0.61,"26'0""",35'w x 50'd,9,1600a/120v 3p 4w,,,,,,0,5,Wet,Yes,265,41.0309154,-73.9473540
50 Route 46 E,Totowa Commerce Center,B,Existing,206000,,$12.25 - 14.97 (Est.),Warehouse,Totowa,100.00,1967,,206000,0.75,"24'7""",40'w x 25'd,30,1200a/480v 3p,,Yes,2024 Tax @ $2.4327/sf,,,0,Yes,ESFR,Yes,150,40.8911661,-74.2239291
420 Rt 17 S,Frost King,B,Existing,208000,,$12.71 - 15.53 (Est.),Warehouse,Mahwah,100.00,1976,,208000,,"24'0""",40'w x 40'd,40,800a,,,2024 Tax @ $1.2466/sf,,,0,None,Yes,,,41.0813102,-74.1534561
231 Saw Mill River Rd,,A,Existing,300000,,$15.42 - 18.85 (Est.),Warehouse,Hawthorne,100.00,2024,,150000,,"33'0""",,12,,,,2025 Tax @ $3.9150/sf,,,0,,,,,41.1012511,-73.8093087
114 Seaview Dr,,B,Existing,280942,162441,$14.62 - 17.87 (Est.),Distribution,Secaucus,67.09,1973,,280942,0.44,"24'0""",57'w x 37'd,25,Heavy,,City,,,162441,92459,"5/10'0""w x 12'0""h",Yes,City,125,40.7731538,-74.0775049
120 Seaview Dr,,C,Existing,280706,,$13.90 - 16.99 (Est.),Distribution,Secaucus,100.00,1982,,140353,0.45,"24'0""",40'w x 45'd,10,Heavy,,City,2024 Tax @ $1.8537/sf,,,0,"1/8'0""w x 10'0""h",,City,125,40.7708736,-74.0766621
200 Seaview Dr,,C,Existing,210826,,$13.75 - 16.81 (Est.),Warehouse,Secaucus,100.00,1985,,200285,2.50,"32'0""",40'w x 45'd,28,400a,,City,2024 Tax @ $1.6305/sf,,,0,"1/6'0""w x 10'0""h",Yes,City,125,40.7675100,-74.0770400
755 Secaucus Rd,,B,Existing,338967,,$13.49 - 16.49 (Est.),Distribution,Secaucus,100.00,2001,,338967,0.36,"38'10""",48'w,17,2500a/480v,,,2024 Tax @ $6.3614/sf,,,0,"1/12'0""w x 16'0""h",,,125,40.7765826,-74.0698820
915 Secaucus Rd,,A,Existing,205079,,$13.68 - 16.72 (Est.),Warehouse,Secaucus,100.00,1972,2023,205079,0.37,"22'0""",40'w x 45'd,20,4000a/265v 3p,,City,2024 Tax @ $1.7958/sf,,,0,Yes,,City,75,40.7809761,-74.0734762
1000 Secaucus Rd,,B,Existing,202148,,$13.30 - 16.26 (Est.),Warehouse,Secaucus,100.00,1976,,202148,0.65,"24'0""",40'w x 45'd,22,400a,,City,2024 Tax @ $1.7916/sf,,,0,"1/10'0""w x 12'0""h",Yes,City,131,40.7797737,-74.0768463
1049 Secaucus Rd,,B,Existing,315389,,$13.66 - 16.69 (Est.),Distribution,Jersey City,100.00,2016,,315389,,"36'0""",,1,,,,,,,0,5,,,,40.7607711,-74.0601494
1075 Secaucus Rd,,A,Existing,490429,,$13.42 - 16.41 (Est.),Warehouse,Jersey City,100.00,2024,,490428,0.99,"40'0""",55'w x 52'd,49,277v 3p,,,,,,0,1,ESFR,,485,40.7654600,-74.0572400
5112 Second Ave,,C,Existing,209779,,$16.63 - 20.33 (Est.),Warehouse,Brooklyn,100.00,1920,,69926,0.07,"18'9""",,4,,,,2024 Tax @ $4.7195/sf,,,0,"1/12'0""w x 14'0""h",Wet,,15,40.6485716,-74.0183649
10 Senate Pl,,C,Existing,227961,,$14.24 - 17.41 (Est.),Warehouse,Jersey City,100.00,1943,2013,113980,,"17'0""",,16,3v 4p 4w,,City,2024 Tax @ $2.0510/sf,,,0,"4/12'0""w x 14'0""h",Dry,City,,40.7377051,-74.0681173
39-15-39-25 Skillman Ave,,B,Existing,200000,200000,$15.52 - 18.97 (Est.),Warehouse,Long Island City,0.00,1965,,75000,0.16,"17'0""",,10,7000a,,City,2024 Tax @ $3.7672/sf,,200000,200000,"1/25'0""w x 20'0""h",Yes,City,32,40.7476350,-73.9246466
353 Spring St,DSNY,A,Existing,397893,,$13.46 - 16.45 (Est.),Distribution,New York,100.00,2016,,79579,0.09,,,,,,,2024 Tax @ $1.0376/sf,,,0,"3/32'0""w x 16'0""h",Yes,,37,40.7266290,-74.0103008
360-384 Straight St,,C,Existing,246600,,$11.48 - 14.03 (Est.),Warehouse,Paterson,100.00,1901,,246600,,,,,,,,,,,0,None,,,,40.9115200,-74.1667550
11 Taft Rd,,B,Existing,284347,,$12.26 - 14.98 (Est.),Warehouse,Totowa,100.00,1967,2024,284347,1.11,"25'0""",40'w x 40'd,56,3000a,,City,2024 Tax @ $1.4683/sf,,,0,None,ESFR,City,317,40.9044562,-74.2467238
20 Theodore Conrad Dr,Ritter Sysco,C,Existing,344924,,$14.43 - 17.63 (Est.),Warehouse,Jersey City,100.00,1970,,344924,1.32,"20'0""",36'w x 50'd,83,2000a,,City,2024 Tax @ $2.9324/sf,,,0,Yes,Yes,City,150,40.6987125,-74.0579492
200 Theodore Conrad Dr,,B,Existing,280000,,$13.79 - 16.85 (Est.),Warehouse,Jersey City,100.00,1973,,280000,,"22'0""",35'w x 40'd,21,400a,Conrail,City,2024 Tax @ $1.5814/sf,,,0,"1/12'0""w x 14'0""h",Wet,City,,40.7011872,-74.0634121
299 Thomas E. Dunn Memorial Hwy,,B,Existing,404000,,$12.30 - 15.03 (Est.),Warehouse,Rutherford,100.00,1968,,404000,0.56,"24'0""",30'w x 48'd,40,600-2000a,,City,,,,0,1,Wet,City,315,40.8130345,-74.0960872
331 Tiffany St,,C,Existing,375000,,$14.70 - 17.97 (Est.),Warehouse,Bronx,100.00,1965,,375000,,"28'0""",40'w,30,6000a,,,,,,0,"4/20'0""w x 15'0""h",,,75,40.8074187,-73.8908975
2001 Tonnelle Ave,,C,Existing,285186,,$8.83 - 10.79 (Est.),Warehouse,North Bergen,100.00,1950,,285186,0.17,"14'0""",20'w x 69'd,14,200a,,City,,,,0,2,Wet,City,,40.7702111,-74.0447021
150 Totowa Rd,,A,Existing,437500,,$11.97 - 14.63 (Est.),Distribution,Wayne,100.00,2020,,400000,0.63,"40'0""",54'w x 60'd,42,3000a,,,2024 Tax @ $2.3541/sf,,,0,"2/12'0""w x 14'0""h",,,294,40.9124601,-74.2354533
1000 US-46,Ridgefield Logistics Center,A,Existing,337672,,$12.83 - 15.68 (Est.),Warehouse,Ridgefield,100.00,2023,,337672,0.70,"40'0""",,65,2000a,,,,,,0,3,ESFR,,238,40.8432777,-74.0089274
481 Van Brunt St,The Beard Street Warehouses,C,Existing,365160,,$17.05 - 20.84 (Est.),Warehouse,Brooklyn,100.00,1870,2000,91290,,"11'0""",16'w x 10'd,,200a 3p,,City,2024 Tax @ $0.5331/sf,,,0,"1/10'0""w x 12'0""h",Wet,City,,40.6737270,-74.0167130
499 Van Brunt St,,B,Existing,365160,,$15.32 - 18.73 (Est.),Warehouse,Brooklyn,100.00,1870,,182580,0.00,,,,,,,2024 Tax @ $0.5331/sf,,,0,None,,,,40.6731477,-74.0169600
32-37 Vernon Blvd,,B,Existing,259097,,$15.77 - 19.27 (Est.),Warehouse,Long Island City,100.00,1973,,15000,4.00,,,,,,,2024 Tax @ $3.1354/sf,,,0,None,,,,40.7674225,-73.9375783
235 Veterans Blvd,Highland Cross - Amazon Distribution Center,A,Existing,357519,,$12.21 - 14.93 (Est.),Distribution,Rutherford,100.00,2023,,357519,0.95,"36'0""",,70,,,,,,,0,80,,,340,40.8176779,-74.0979870
1320-1340 Viele Ave,,B,Existing,290000,,$15.03 - 18.36 (Est.),Warehouse,Bronx,100.00,1996,,290000,1.03,,,22,10000a/208v 3p,,,2024 Tax @ $3.4311/sf,,,0,9,,,300,40.8063518,-73.8821127
20-21 Wagaraw Rd,Fairlawn Industries,B,Existing,500000,2486,$10.06 - 12.30 (Est.),Warehouse,Fair Lawn,99.50,1935,,250000,0.99,"25'0""",20'w x 20'd,54,Heavy,,City,2024 Tax @ $0.7025/sf,,2486,2486,26,,City,531,40.9416282,-74.1426637
600 Washington Ave,,B,Existing,488569,,$12.27 - 14.99 (Est.),Distribution,Carlstadt,100.00,1968,1998,470569,0.77,"21'0""",36'w x 40'd,33,5000a,,City,,,,0,1,ESFR,City,377,40.8256998,-74.0602439
525 Washington St,,C,Existing,479500,,$12.89 - 15.75 (Est.),Distribution,New York,100.00,1949,,150000,,,,,,,,2024 Tax @ $4.2733/sf,,,0,"72/15'0""w x 18'0""h",Yes,,,40.7267502,-74.0092103
107 West Side Ave,,C,Existing,376700,,$12.50 - 15.27 (Est.),Warehouse,Jersey City,100.00,1980,,376700,0.04,"17'0""",40'w x 40'd,7,400-600a,,City,2024 Tax @ $1.1677/sf,,,0,"1/10'0""w x 10'0""h",Dry,City,,40.7094932,-74.0983223
40 Western Ave,Bldg 67N,C,Existing,200950,,$11.07 - 13.53 (Est.),Warehouse,Staten Island,100.00,1957,,200950,1.33,"21'0""",25'w x 45'd,10,600a,,City,,,,0,Yes,Wet,City,45,40.6343600,-74.1795410
40 Western Rd,,B,Existing,429430,,$13.95 - 17.05 (Est.),Warehouse,Kearny,100.00,1924,2015,429430,0.12,"32'0""",57'w x 58'd,15,400a/480v,,,2024 Tax @ $0.6399/sf,,,0,"1/12'0""w x 16'0""h",ESFR,,52,40.7278410,-74.1153640
5601 Westside Ave,,B,Existing,316210,,$13.17 - 16.10 (Est.),Warehouse,North Bergen,100.00,1985,,316210,0.24,"26'0""",41'w x 44'd,32,800a/460v 3p,,City,,,,0,"1/10'0""w x 12'0""h",Wet,City,75,40.7947542,-74.0335990
8501 Westside Ave,,A,Existing,405496,,$12.69 - 15.51 (Est.),Warehouse,North Bergen,100.00,1987,,405496,,"28'0""",42'w x 42'd,23,,,City,2024 Tax @ $2.1282/sf,,,0,"1/12'0""w x 16'0""h",,City,,40.8157198,-74.0213531
